Order,Original Order,Case Length,Data
0,17,8420,"if (debug)
            System.out.format(""%n%s%n"", ""RegressionTest0.test0018"");
        org.apache.commons.cli.PosixParser posixParser0 = new org.apache.commons.cli.PosixParser();
        org.apache.commons.cli.PosixParser posixParser1 = new org.apache.commons.cli.PosixParser();
        org.apache.commons.cli.Options options2 = new org.apache.commons.cli.Options();
        org.apache.commons.cli.Option option4 = org.apache.commons.cli.OptionBuilder.create('4');
        option4.setDescription("""");
        org.apache.commons.cli.Options options7 = options2.addOption(option4);
        java.util.Collection collection8 = options2.getOptionGroups();
        org.apache.commons.cli.Options options12 = options2.addOption("""", false, ""arg"");
        java.util.List list13 = options12.getRequiredOptions();
        org.apache.commons.cli.Option option15 = org.apache.commons.cli.OptionBuilder.create(""arg"");
        org.apache.commons.cli.Options options16 = options12.addOption(option15);
        boolean boolean18 = options12.hasOption(""org.apache.commons.cli.MissingOptionException: hi!"");
        org.apache.commons.cli.PosixParser posixParser19 = new org.apache.commons.cli.PosixParser();
        org.apache.commons.cli.Options options20 = new org.apache.commons.cli.Options();
        org.apache.commons.cli.Option option22 = org.apache.commons.cli.OptionBuilder.create(' ');
        org.apache.commons.cli.OptionGroup optionGroup23 = options20.getOptionGroup(option22);
        org.apache.commons.cli.Option option25 = org.apache.commons.cli.OptionBuilder.create('4');
        char char26 = option25.getValueSeparator();
        org.apache.commons.cli.Option option28 = org.apache.commons.cli.OptionBuilder.create('4');
        option28.setDescription("""");
        option25.setType((java.lang.Object) """");
        org.apache.commons.cli.OptionGroup optionGroup32 = options20.getOptionGroup(option25);
        boolean boolean34 = options20.hasOption(""org.apache.commons.cli.MissingOptionException: hi!"");
        org.apache.commons.cli.PosixParser posixParser35 = new org.apache.commons.cli.PosixParser();
        org.apache.commons.cli.Options options36 = new org.apache.commons.cli.Options();
        org.apache.commons.cli.Option option38 = org.apache.commons.cli.OptionBuilder.create('4');
        option38.setDescription("""");
        org.apache.commons.cli.Options options41 = options36.addOption(option38);
        org.apache.commons.cli.CommandLine commandLine42 = new org.apache.commons.cli.CommandLine();
        java.lang.String[] strArray44 = commandLine42.getOptionValues(""hi!"");
        java.lang.String str47 = commandLine42.getOptionValue(""hi!"", ""[ Options: [ short {=[ option:   :: arg ], 4=[ option: 4  ::  ]} ] [ long {} ]"");
        java.lang.String str49 = commandLine42.getOptionValue(""arg"");
        java.lang.String[] strArray50 = commandLine42.getArgs();
        java.lang.String[] strArray52 = posixParser35.flatten(options41, strArray50, false);
        java.util.Properties properties53 = null;
        org.apache.commons.cli.CommandLine commandLine54 = posixParser19.parse(options20, strArray52, properties53);
        org.apache.commons.cli.Options options55 = new org.apache.commons.cli.Options();
        org.apache.commons.cli.Option option57 = org.apache.commons.cli.OptionBuilder.create('4');
        option57.setDescription("""");
        org.apache.commons.cli.Options options60 = options55.addOption(option57);
        java.util.Collection collection61 = options55.getOptionGroups();
        org.apache.commons.cli.Options options65 = options55.addOption("""", false, ""arg"");
        org.apache.commons.cli.Options options66 = new org.apache.commons.cli.Options();
        org.apache.commons.cli.Option option68 = org.apache.commons.cli.OptionBuilder.create(' ');
        org.apache.commons.cli.OptionGroup optionGroup69 = options66.getOptionGroup(option68);
        org.apache.commons.cli.Option option71 = org.apache.commons.cli.OptionBuilder.create('4');
        char char72 = option71.getValueSeparator();
        org.apache.commons.cli.Option option74 = org.apache.commons.cli.OptionBuilder.create('4');
        option74.setDescription("""");
        option71.setType((java.lang.Object) """");
        org.apache.commons.cli.OptionGroup optionGroup78 = options66.getOptionGroup(option71);
        boolean boolean79 = option71.hasArgName();
        org.apache.commons.cli.Options options80 = options55.addOption(option71);
        java.util.List list81 = options55.helpOptions();
        org.apache.commons.cli.CommandLine commandLine82 = new org.apache.commons.cli.CommandLine();
        java.lang.String[] strArray84 = commandLine82.getOptionValues(""hi!"");
        java.lang.String str87 = commandLine82.getOptionValue(""hi!"", ""[ Options: [ short {=[ option:   :: arg ], 4=[ option: 4  ::  ]} ] [ long {} ]"");
        java.lang.String str89 = commandLine82.getOptionValue(""arg"");
        java.lang.String[] strArray90 = commandLine82.getArgs();
        java.lang.String[] strArray92 = posixParser19.flatten(options55, strArray90, false);
        java.util.Properties properties93 = null;
        org.apache.commons.cli.CommandLine commandLine94 = posixParser1.parse(options12, strArray92, properties93);
        java.lang.String[] strArray95 = null;
        // The following exception was thrown during execution in test generation
        try {
            java.lang.String[] strArray97 = posixParser0.flatten(options12, strArray95, true);
            org.junit.Assert.fail(""Expected exception of type java.lang.NullPointerException; message: null"");
        } catch (java.lang.NullPointerException e) {
        // Expected exception.
        }
        org.junit.Assert.assertNotNull(option4);
        org.junit.Assert.assertNotNull(options7);
        org.junit.Assert.assertNotNull(collection8);
        org.junit.Assert.assertNotNull(options12);
        org.junit.Assert.assertNotNull(list13);
        org.junit.Assert.assertNotNull(option15);
        org.junit.Assert.assertNotNull(options16);
        org.junit.Assert.assertTrue(""'"" + boolean18 + ""' != '"" + false + ""'"", boolean18 == false);
        org.junit.Assert.assertNotNull(option22);
        org.junit.Assert.assertNull(optionGroup23);
        org.junit.Assert.assertNotNull(option25);
        org.junit.Assert.assertTrue(""'"" + char26 + ""' != '"" + '\000' + ""'"", char26 == '\000');
        org.junit.Assert.assertNotNull(option28);
        org.junit.Assert.assertNull(optionGroup32);
        org.junit.Assert.assertTrue(""'"" + boolean34 + ""' != '"" + false + ""'"", boolean34 == false);
        org.junit.Assert.assertNotNull(option38);
        org.junit.Assert.assertNotNull(options41);
        org.junit.Assert.assertNull(strArray44);
        org.junit.Assert.assertEquals(""'"" + str47 + ""' != '"" + ""[ Options: [ short {=[ option:   :: arg ], 4=[ option: 4  ::  ]} ] [ long {} ]"" + ""'"", str47, ""[ Options: [ short {=[ option:   :: arg ], 4=[ option: 4  ::  ]} ] [ long {} ]"");
        org.junit.Assert.assertNull(str49);
        org.junit.Assert.assertNotNull(strArray50);
        org.junit.Assert.assertNotNull(strArray52);
        org.junit.Assert.assertNotNull(commandLine54);
        org.junit.Assert.assertNotNull(option57);
        org.junit.Assert.assertNotNull(options60);
        org.junit.Assert.assertNotNull(collection61);
        org.junit.Assert.assertNotNull(options65);
        org.junit.Assert.assertNotNull(option68);
        org.junit.Assert.assertNull(optionGroup69);
        org.junit.Assert.assertNotNull(option71);
        org.junit.Assert.assertTrue(""'"" + char72 + ""' != '"" + '\000' + ""'"", char72 == '\000');
        org.junit.Assert.assertNotNull(option74);
        org.junit.Assert.assertNull(optionGroup78);
        org.junit.Assert.assertTrue(""'"" + boolean79 + ""' != '"" + true + ""'"", boolean79 == true);
        org.junit.Assert.assertNotNull(options80);
        org.junit.Assert.assertNotNull(list81);
        org.junit.Assert.assertNull(strArray84);
        org.junit.Assert.assertEquals(""'"" + str87 + ""' != '"" + ""[ Options: [ short {=[ option:   :: arg ], 4=[ option: 4  ::  ]} ] [ long {} ]"" + ""'"", str87, ""[ Options: [ short {=[ option:   :: arg ], 4=[ option: 4  ::  ]} ] [ long {} ]"");
        org.junit.Assert.assertNull(str89);
        org.junit.Assert.assertNotNull(strArray90);
        org.junit.Assert.assertNotNull(strArray92);
        org.junit.Assert.assertNotNull(commandLine94);"
1,467,8602,"if (debug)
            System.out.format(""%n%s%n"", ""RegressionTest0.test0468"");
        org.apache.commons.cli.PosixParser posixParser0 = new org.apache.commons.cli.PosixParser();
        org.apache.commons.cli.Options options1 = new org.apache.commons.cli.Options();
        org.apache.commons.cli.Option option3 = org.apache.commons.cli.OptionBuilder.create('4');
        option3.setDescription("""");
        org.apache.commons.cli.Options options6 = options1.addOption(option3);
        org.apache.commons.cli.CommandLine commandLine7 = new org.apache.commons.cli.CommandLine();
        java.lang.String[] strArray9 = commandLine7.getOptionValues(""hi!"");
        java.lang.String[] strArray10 = commandLine7.getArgs();
        java.util.Properties properties11 = null;
        org.apache.commons.cli.CommandLine commandLine12 = posixParser0.parse(options1, strArray10, properties11);
        org.apache.commons.cli.Options options13 = new org.apache.commons.cli.Options();
        org.apache.commons.cli.Option option15 = org.apache.commons.cli.OptionBuilder.create('4');
        option15.setDescription("""");
        org.apache.commons.cli.Options options18 = options13.addOption(option15);
        java.lang.String str19 = options13.toString();
        org.apache.commons.cli.CommandLine commandLine20 = new org.apache.commons.cli.CommandLine();
        java.lang.String[] strArray22 = commandLine20.getOptionValues(""hi!"");
        java.lang.String str25 = commandLine20.getOptionValue(""hi!"", ""[ Options: [ short {=[ option:   :: arg ], 4=[ option: 4  ::  ]} ] [ long {} ]"");
        java.lang.String str27 = commandLine20.getOptionValue(""arg"");
        java.lang.String[] strArray28 = commandLine20.getArgs();
        java.util.Properties properties29 = null;
        org.apache.commons.cli.CommandLine commandLine31 = posixParser0.parse(options13, strArray28, properties29, false);
        org.apache.commons.cli.Options options32 = new org.apache.commons.cli.Options();
        org.apache.commons.cli.Option option34 = org.apache.commons.cli.OptionBuilder.create('4');
        option34.setDescription("""");
        org.apache.commons.cli.Options options37 = options32.addOption(option34);
        java.util.Collection collection38 = options32.getOptionGroups();
        org.apache.commons.cli.Options options42 = options32.addOption("""", false, ""arg"");
        java.lang.String str43 = options42.toString();
        java.util.Collection collection44 = options42.getOptionGroups();
        java.util.Collection collection45 = options42.getOptions();
        java.util.Collection collection46 = options42.getOptionGroups();
        org.apache.commons.cli.PosixParser posixParser47 = new org.apache.commons.cli.PosixParser();
        org.apache.commons.cli.Options options48 = new org.apache.commons.cli.Options();
        org.apache.commons.cli.Option option50 = org.apache.commons.cli.OptionBuilder.create('4');
        option50.setDescription("""");
        org.apache.commons.cli.Options options53 = options48.addOption(option50);
        org.apache.commons.cli.CommandLine commandLine54 = new org.apache.commons.cli.CommandLine();
        java.lang.String[] strArray56 = commandLine54.getOptionValues(""hi!"");
        java.lang.String[] strArray57 = commandLine54.getArgs();
        java.util.Properties properties58 = null;
        org.apache.commons.cli.CommandLine commandLine59 = posixParser47.parse(options48, strArray57, properties58);
        org.apache.commons.cli.Options options60 = new org.apache.commons.cli.Options();
        org.apache.commons.cli.Option option62 = org.apache.commons.cli.OptionBuilder.create('4');
        option62.setDescription("""");
        org.apache.commons.cli.Options options65 = options60.addOption(option62);
        java.lang.String str66 = options60.toString();
        org.apache.commons.cli.CommandLine commandLine67 = new org.apache.commons.cli.CommandLine();
        java.lang.String[] strArray69 = commandLine67.getOptionValues(""hi!"");
        java.lang.String str72 = commandLine67.getOptionValue(""hi!"", ""[ Options: [ short {=[ option:   :: arg ], 4=[ option: 4  ::  ]} ] [ long {} ]"");
        java.lang.String str74 = commandLine67.getOptionValue(""arg"");
        java.lang.String[] strArray75 = commandLine67.getArgs();
        java.util.Properties properties76 = null;
        org.apache.commons.cli.CommandLine commandLine78 = posixParser47.parse(options60, strArray75, properties76, false);
        java.lang.String str80 = commandLine78.getOptionValue(""[ option: 4  ::  :: [] ]"");
        java.lang.String str82 = commandLine78.getOptionValue(""[ Options: [ short {=[ option:   :: arg ], 4=[ option: 4  :: null ]} ] [ long {} ]"");
        commandLine78.addArg("""");
        java.lang.String[] strArray85 = commandLine78.getArgs();
        java.util.Properties properties86 = null;
        org.apache.commons.cli.CommandLine commandLine87 = posixParser0.parse(options42, strArray85, properties86);
        org.apache.commons.cli.Option option89 = org.apache.commons.cli.OptionBuilder.create('4');
        char char90 = option89.getValueSeparator();
        java.lang.String str91 = option89.getArgName();
        java.util.ListIterator listIterator92 = null;
        // The following exception was thrown during execution in test generation
        try {
            posixParser0.processArgs(option89, listIterator92);
            org.junit.Assert.fail(""Expected exception of type java.lang.NullPointerException; message: null"");
        } catch (java.lang.NullPointerException e) {
        // Expected exception.
        }
        org.junit.Assert.assertNotNull(option3);
        org.junit.Assert.assertNotNull(options6);
        org.junit.Assert.assertNull(strArray9);
        org.junit.Assert.assertNotNull(strArray10);
        org.junit.Assert.assertNotNull(commandLine12);
        org.junit.Assert.assertNotNull(option15);
        org.junit.Assert.assertNotNull(options18);
        org.junit.Assert.assertEquals(""'"" + str19 + ""' != '"" + ""[ Options: [ short {4=[ option: 4  ::  ]} ] [ long {} ]"" + ""'"", str19, ""[ Options: [ short {4=[ option: 4  ::  ]} ] [ long {} ]"");
        org.junit.Assert.assertNull(strArray22);
        org.junit.Assert.assertEquals(""'"" + str25 + ""' != '"" + ""[ Options: [ short {=[ option:   :: arg ], 4=[ option: 4  ::  ]} ] [ long {} ]"" + ""'"", str25, ""[ Options: [ short {=[ option:   :: arg ], 4=[ option: 4  ::  ]} ] [ long {} ]"");
        org.junit.Assert.assertNull(str27);
        org.junit.Assert.assertNotNull(strArray28);
        org.junit.Assert.assertNotNull(commandLine31);
        org.junit.Assert.assertNotNull(option34);
        org.junit.Assert.assertNotNull(options37);
        org.junit.Assert.assertNotNull(collection38);
        org.junit.Assert.assertNotNull(options42);
        org.junit.Assert.assertEquals(""'"" + str43 + ""' != '"" + ""[ Options: [ short {=[ option:   :: arg ], 4=[ option: 4  ::  ]} ] [ long {} ]"" + ""'"", str43, ""[ Options: [ short {=[ option:   :: arg ], 4=[ option: 4  ::  ]} ] [ long {} ]"");
        org.junit.Assert.assertNotNull(collection44);
        org.junit.Assert.assertNotNull(collection45);
        org.junit.Assert.assertNotNull(collection46);
        org.junit.Assert.assertNotNull(option50);
        org.junit.Assert.assertNotNull(options53);
        org.junit.Assert.assertNull(strArray56);
        org.junit.Assert.assertNotNull(strArray57);
        org.junit.Assert.assertNotNull(commandLine59);
        org.junit.Assert.assertNotNull(option62);
        org.junit.Assert.assertNotNull(options65);
        org.junit.Assert.assertEquals(""'"" + str66 + ""' != '"" + ""[ Options: [ short {4=[ option: 4  ::  ]} ] [ long {} ]"" + ""'"", str66, ""[ Options: [ short {4=[ option: 4  ::  ]} ] [ long {} ]"");
        org.junit.Assert.assertNull(strArray69);
        org.junit.Assert.assertEquals(""'"" + str72 + ""' != '"" + ""[ Options: [ short {=[ option:   :: arg ], 4=[ option: 4  ::  ]} ] [ long {} ]"" + ""'"", str72, ""[ Options: [ short {=[ option:   :: arg ], 4=[ option: 4  ::  ]} ] [ long {} ]"");
        org.junit.Assert.assertNull(str74);
        org.junit.Assert.assertNotNull(strArray75);
        org.junit.Assert.assertNotNull(commandLine78);
        org.junit.Assert.assertNull(str80);
        org.junit.Assert.assertNull(str82);
        org.junit.Assert.assertNotNull(strArray85);
        org.junit.Assert.assertNotNull(commandLine87);
        org.junit.Assert.assertNotNull(option89);
        org.junit.Assert.assertTrue(""'"" + char90 + ""' != '"" + '\000' + ""'"", char90 == '\000');
        org.junit.Assert.assertEquals(""'"" + str91 + ""' != '"" + ""arg"" + ""'"", str91, ""arg"");"
2,444,8285,"if (debug)
            System.out.format(""%n%s%n"", ""RegressionTest0.test0445"");
        org.apache.commons.cli.Options options0 = new org.apache.commons.cli.Options();
        org.apache.commons.cli.Option option2 = org.apache.commons.cli.OptionBuilder.create(' ');
        org.apache.commons.cli.OptionGroup optionGroup3 = options0.getOptionGroup(option2);
        org.apache.commons.cli.Option option5 = org.apache.commons.cli.OptionBuilder.create('4');
        char char6 = option5.getValueSeparator();
        org.apache.commons.cli.Option option8 = org.apache.commons.cli.OptionBuilder.create('4');
        option8.setDescription("""");
        option5.setType((java.lang.Object) """");
        org.apache.commons.cli.OptionGroup optionGroup12 = options0.getOptionGroup(option5);
        int int13 = option5.getId();
        org.apache.commons.cli.PosixParser posixParser14 = new org.apache.commons.cli.PosixParser();
        org.apache.commons.cli.Options options15 = new org.apache.commons.cli.Options();
        org.apache.commons.cli.Option option17 = org.apache.commons.cli.OptionBuilder.create('4');
        option17.setDescription("""");
        org.apache.commons.cli.Options options20 = options15.addOption(option17);
        org.apache.commons.cli.PosixParser posixParser21 = new org.apache.commons.cli.PosixParser();
        org.apache.commons.cli.Options options22 = new org.apache.commons.cli.Options();
        org.apache.commons.cli.Option option24 = org.apache.commons.cli.OptionBuilder.create('4');
        option24.setDescription("""");
        org.apache.commons.cli.Options options27 = options22.addOption(option24);
        org.apache.commons.cli.CommandLine commandLine28 = new org.apache.commons.cli.CommandLine();
        java.lang.String[] strArray30 = commandLine28.getOptionValues(""hi!"");
        java.lang.String[] strArray31 = commandLine28.getArgs();
        java.util.Properties properties32 = null;
        org.apache.commons.cli.CommandLine commandLine33 = posixParser21.parse(options22, strArray31, properties32);
        org.apache.commons.cli.CommandLine commandLine35 = posixParser14.parse(options20, strArray31, false);
        org.apache.commons.cli.Options options36 = new org.apache.commons.cli.Options();
        org.apache.commons.cli.Option option38 = org.apache.commons.cli.OptionBuilder.create(' ');
        org.apache.commons.cli.OptionGroup optionGroup39 = options36.getOptionGroup(option38);
        org.apache.commons.cli.Option option41 = org.apache.commons.cli.OptionBuilder.create('4');
        char char42 = option41.getValueSeparator();
        org.apache.commons.cli.Option option44 = org.apache.commons.cli.OptionBuilder.create('4');
        option44.setDescription("""");
        option41.setType((java.lang.Object) """");
        org.apache.commons.cli.OptionGroup optionGroup48 = options36.getOptionGroup(option41);
        boolean boolean50 = options36.hasOption(""org.apache.commons.cli.MissingOptionException: hi!"");
        org.apache.commons.cli.PosixParser posixParser51 = new org.apache.commons.cli.PosixParser();
        org.apache.commons.cli.Options options52 = new org.apache.commons.cli.Options();
        org.apache.commons.cli.Option option54 = org.apache.commons.cli.OptionBuilder.create('4');
        option54.setDescription("""");
        org.apache.commons.cli.Options options57 = options52.addOption(option54);
        org.apache.commons.cli.CommandLine commandLine58 = new org.apache.commons.cli.CommandLine();
        java.lang.String[] strArray60 = commandLine58.getOptionValues(""hi!"");
        java.lang.String[] strArray61 = commandLine58.getArgs();
        java.util.Properties properties62 = null;
        org.apache.commons.cli.CommandLine commandLine63 = posixParser51.parse(options52, strArray61, properties62);
        java.util.Properties properties64 = null;
        org.apache.commons.cli.CommandLine commandLine66 = posixParser14.parse(options36, strArray61, properties64, true);
        org.apache.commons.cli.Options options67 = new org.apache.commons.cli.Options();
        org.apache.commons.cli.Option option69 = org.apache.commons.cli.OptionBuilder.create('4');
        option69.setDescription("""");
        org.apache.commons.cli.Options options72 = options67.addOption(option69);
        java.util.Collection collection73 = options67.getOptions();
        java.lang.String[] strArray74 = null;
        org.apache.commons.cli.CommandLine commandLine76 = posixParser14.parse(options67, strArray74, true);
        org.apache.commons.cli.PosixParser posixParser77 = new org.apache.commons.cli.PosixParser();
        org.apache.commons.cli.Options options78 = new org.apache.commons.cli.Options();
        org.apache.commons.cli.Option option80 = org.apache.commons.cli.OptionBuilder.create('4');
        option80.setDescription("""");
        org.apache.commons.cli.Options options83 = options78.addOption(option80);
        org.apache.commons.cli.CommandLine commandLine84 = new org.apache.commons.cli.CommandLine();
        java.lang.String[] strArray86 = commandLine84.getOptionValues(""hi!"");
        java.lang.String[] strArray87 = commandLine84.getArgs();
        java.util.Properties properties88 = null;
        org.apache.commons.cli.CommandLine commandLine89 = posixParser77.parse(options78, strArray87, properties88);
        java.lang.String[] strArray92 = new java.lang.String[] { ""[ Options: [ short {=[ option:   :: arg ], 4=[ option: 4  ::  ]} ] [ long {} ]"", ""hi!"" };
        java.util.Properties properties93 = null;
        org.apache.commons.cli.CommandLine commandLine95 = posixParser14.parse(options78, strArray92, properties93, true);
        boolean boolean96 = option5.equals((java.lang.Object) strArray92);
        char char97 = option5.getValueSeparator();
        boolean boolean98 = option5.hasLongOpt();
        org.junit.Assert.assertNotNull(option2);
        org.junit.Assert.assertNull(optionGroup3);
        org.junit.Assert.assertNotNull(option5);
        org.junit.Assert.assertTrue(""'"" + char6 + ""' != '"" + '\000' + ""'"", char6 == '\000');
        org.junit.Assert.assertNotNull(option8);
        org.junit.Assert.assertNull(optionGroup12);
        org.junit.Assert.assertTrue(""'"" + int13 + ""' != '"" + 52 + ""'"", int13 == 52);
        org.junit.Assert.assertNotNull(option17);
        org.junit.Assert.assertNotNull(options20);
        org.junit.Assert.assertNotNull(option24);
        org.junit.Assert.assertNotNull(options27);
        org.junit.Assert.assertNull(strArray30);
        org.junit.Assert.assertNotNull(strArray31);
        org.junit.Assert.assertNotNull(commandLine33);
        org.junit.Assert.assertNotNull(commandLine35);
        org.junit.Assert.assertNotNull(option38);
        org.junit.Assert.assertNull(optionGroup39);
        org.junit.Assert.assertNotNull(option41);
        org.junit.Assert.assertTrue(""'"" + char42 + ""' != '"" + '\000' + ""'"", char42 == '\000');
        org.junit.Assert.assertNotNull(option44);
        org.junit.Assert.assertNull(optionGroup48);
        org.junit.Assert.assertTrue(""'"" + boolean50 + ""' != '"" + false + ""'"", boolean50 == false);
        org.junit.Assert.assertNotNull(option54);
        org.junit.Assert.assertNotNull(options57);
        org.junit.Assert.assertNull(strArray60);
        org.junit.Assert.assertNotNull(strArray61);
        org.junit.Assert.assertNotNull(commandLine63);
        org.junit.Assert.assertNotNull(commandLine66);
        org.junit.Assert.assertNotNull(option69);
        org.junit.Assert.assertNotNull(options72);
        org.junit.Assert.assertNotNull(collection73);
        org.junit.Assert.assertNotNull(commandLine76);
        org.junit.Assert.assertNotNull(option80);
        org.junit.Assert.assertNotNull(options83);
        org.junit.Assert.assertNull(strArray86);
        org.junit.Assert.assertNotNull(strArray87);
        org.junit.Assert.assertNotNull(commandLine89);
        org.junit.Assert.assertNotNull(strArray92);
        org.junit.Assert.assertNotNull(commandLine95);
        org.junit.Assert.assertTrue(""'"" + boolean96 + ""' != '"" + false + ""'"", boolean96 == false);
        org.junit.Assert.assertTrue(""'"" + char97 + ""' != '"" + '\000' + ""'"", char97 == '\000');
        org.junit.Assert.assertTrue(""'"" + boolean98 + ""' != '"" + false + ""'"", boolean98 == false);"
3,262,8282,"if (debug)
            System.out.format(""%n%s%n"", ""RegressionTest0.test0263"");
        org.apache.commons.cli.Options options0 = new org.apache.commons.cli.Options();
        org.apache.commons.cli.Option option2 = org.apache.commons.cli.OptionBuilder.create(' ');
        org.apache.commons.cli.OptionGroup optionGroup3 = options0.getOptionGroup(option2);
        org.apache.commons.cli.Option option5 = org.apache.commons.cli.OptionBuilder.create('4');
        char char6 = option5.getValueSeparator();
        org.apache.commons.cli.Option option8 = org.apache.commons.cli.OptionBuilder.create('4');
        option8.setDescription("""");
        option5.setType((java.lang.Object) """");
        org.apache.commons.cli.OptionGroup optionGroup12 = options0.getOptionGroup(option5);
        int int13 = option5.getId();
        org.apache.commons.cli.PosixParser posixParser14 = new org.apache.commons.cli.PosixParser();
        org.apache.commons.cli.Options options15 = new org.apache.commons.cli.Options();
        org.apache.commons.cli.Option option17 = org.apache.commons.cli.OptionBuilder.create('4');
        option17.setDescription("""");
        org.apache.commons.cli.Options options20 = options15.addOption(option17);
        org.apache.commons.cli.PosixParser posixParser21 = new org.apache.commons.cli.PosixParser();
        org.apache.commons.cli.Options options22 = new org.apache.commons.cli.Options();
        org.apache.commons.cli.Option option24 = org.apache.commons.cli.OptionBuilder.create('4');
        option24.setDescription("""");
        org.apache.commons.cli.Options options27 = options22.addOption(option24);
        org.apache.commons.cli.CommandLine commandLine28 = new org.apache.commons.cli.CommandLine();
        java.lang.String[] strArray30 = commandLine28.getOptionValues(""hi!"");
        java.lang.String[] strArray31 = commandLine28.getArgs();
        java.util.Properties properties32 = null;
        org.apache.commons.cli.CommandLine commandLine33 = posixParser21.parse(options22, strArray31, properties32);
        org.apache.commons.cli.CommandLine commandLine35 = posixParser14.parse(options20, strArray31, false);
        org.apache.commons.cli.Options options36 = new org.apache.commons.cli.Options();
        org.apache.commons.cli.Option option38 = org.apache.commons.cli.OptionBuilder.create(' ');
        org.apache.commons.cli.OptionGroup optionGroup39 = options36.getOptionGroup(option38);
        org.apache.commons.cli.Option option41 = org.apache.commons.cli.OptionBuilder.create('4');
        char char42 = option41.getValueSeparator();
        org.apache.commons.cli.Option option44 = org.apache.commons.cli.OptionBuilder.create('4');
        option44.setDescription("""");
        option41.setType((java.lang.Object) """");
        org.apache.commons.cli.OptionGroup optionGroup48 = options36.getOptionGroup(option41);
        boolean boolean50 = options36.hasOption(""org.apache.commons.cli.MissingOptionException: hi!"");
        org.apache.commons.cli.PosixParser posixParser51 = new org.apache.commons.cli.PosixParser();
        org.apache.commons.cli.Options options52 = new org.apache.commons.cli.Options();
        org.apache.commons.cli.Option option54 = org.apache.commons.cli.OptionBuilder.create('4');
        option54.setDescription("""");
        org.apache.commons.cli.Options options57 = options52.addOption(option54);
        org.apache.commons.cli.CommandLine commandLine58 = new org.apache.commons.cli.CommandLine();
        java.lang.String[] strArray60 = commandLine58.getOptionValues(""hi!"");
        java.lang.String[] strArray61 = commandLine58.getArgs();
        java.util.Properties properties62 = null;
        org.apache.commons.cli.CommandLine commandLine63 = posixParser51.parse(options52, strArray61, properties62);
        java.util.Properties properties64 = null;
        org.apache.commons.cli.CommandLine commandLine66 = posixParser14.parse(options36, strArray61, properties64, true);
        org.apache.commons.cli.Options options67 = new org.apache.commons.cli.Options();
        org.apache.commons.cli.Option option69 = org.apache.commons.cli.OptionBuilder.create('4');
        option69.setDescription("""");
        org.apache.commons.cli.Options options72 = options67.addOption(option69);
        java.util.Collection collection73 = options67.getOptions();
        java.lang.String[] strArray74 = null;
        org.apache.commons.cli.CommandLine commandLine76 = posixParser14.parse(options67, strArray74, true);
        org.apache.commons.cli.PosixParser posixParser77 = new org.apache.commons.cli.PosixParser();
        org.apache.commons.cli.Options options78 = new org.apache.commons.cli.Options();
        org.apache.commons.cli.Option option80 = org.apache.commons.cli.OptionBuilder.create('4');
        option80.setDescription("""");
        org.apache.commons.cli.Options options83 = options78.addOption(option80);
        org.apache.commons.cli.CommandLine commandLine84 = new org.apache.commons.cli.CommandLine();
        java.lang.String[] strArray86 = commandLine84.getOptionValues(""hi!"");
        java.lang.String[] strArray87 = commandLine84.getArgs();
        java.util.Properties properties88 = null;
        org.apache.commons.cli.CommandLine commandLine89 = posixParser77.parse(options78, strArray87, properties88);
        java.lang.String[] strArray92 = new java.lang.String[] { ""[ Options: [ short {=[ option:   :: arg ], 4=[ option: 4  ::  ]} ] [ long {} ]"", ""hi!"" };
        java.util.Properties properties93 = null;
        org.apache.commons.cli.CommandLine commandLine95 = posixParser14.parse(options78, strArray92, properties93, true);
        boolean boolean96 = option5.equals((java.lang.Object) strArray92);
        char char97 = option5.getValueSeparator();
        java.lang.String str98 = option5.getArgName();
        org.junit.Assert.assertNotNull(option2);
        org.junit.Assert.assertNull(optionGroup3);
        org.junit.Assert.assertNotNull(option5);
        org.junit.Assert.assertTrue(""'"" + char6 + ""' != '"" + '\000' + ""'"", char6 == '\000');
        org.junit.Assert.assertNotNull(option8);
        org.junit.Assert.assertNull(optionGroup12);
        org.junit.Assert.assertTrue(""'"" + int13 + ""' != '"" + 52 + ""'"", int13 == 52);
        org.junit.Assert.assertNotNull(option17);
        org.junit.Assert.assertNotNull(options20);
        org.junit.Assert.assertNotNull(option24);
        org.junit.Assert.assertNotNull(options27);
        org.junit.Assert.assertNull(strArray30);
        org.junit.Assert.assertNotNull(strArray31);
        org.junit.Assert.assertNotNull(commandLine33);
        org.junit.Assert.assertNotNull(commandLine35);
        org.junit.Assert.assertNotNull(option38);
        org.junit.Assert.assertNull(optionGroup39);
        org.junit.Assert.assertNotNull(option41);
        org.junit.Assert.assertTrue(""'"" + char42 + ""' != '"" + '\000' + ""'"", char42 == '\000');
        org.junit.Assert.assertNotNull(option44);
        org.junit.Assert.assertNull(optionGroup48);
        org.junit.Assert.assertTrue(""'"" + boolean50 + ""' != '"" + false + ""'"", boolean50 == false);
        org.junit.Assert.assertNotNull(option54);
        org.junit.Assert.assertNotNull(options57);
        org.junit.Assert.assertNull(strArray60);
        org.junit.Assert.assertNotNull(strArray61);
        org.junit.Assert.assertNotNull(commandLine63);
        org.junit.Assert.assertNotNull(commandLine66);
        org.junit.Assert.assertNotNull(option69);
        org.junit.Assert.assertNotNull(options72);
        org.junit.Assert.assertNotNull(collection73);
        org.junit.Assert.assertNotNull(commandLine76);
        org.junit.Assert.assertNotNull(option80);
        org.junit.Assert.assertNotNull(options83);
        org.junit.Assert.assertNull(strArray86);
        org.junit.Assert.assertNotNull(strArray87);
        org.junit.Assert.assertNotNull(commandLine89);
        org.junit.Assert.assertNotNull(strArray92);
        org.junit.Assert.assertNotNull(commandLine95);
        org.junit.Assert.assertTrue(""'"" + boolean96 + ""' != '"" + false + ""'"", boolean96 == false);
        org.junit.Assert.assertTrue(""'"" + char97 + ""' != '"" + '\000' + ""'"", char97 == '\000');
        org.junit.Assert.assertEquals(""'"" + str98 + ""' != '"" + ""arg"" + ""'"", str98, ""arg"");"
4,474,8364,"if (debug)
            System.out.format(""%n%s%n"", ""RegressionTest0.test0475"");
        org.apache.commons.cli.PosixParser posixParser0 = new org.apache.commons.cli.PosixParser();
        org.apache.commons.cli.PosixParser posixParser1 = new org.apache.commons.cli.PosixParser();
        org.apache.commons.cli.Options options2 = new org.apache.commons.cli.Options();
        org.apache.commons.cli.Option option4 = org.apache.commons.cli.OptionBuilder.create('4');
        option4.setDescription("""");
        org.apache.commons.cli.Options options7 = options2.addOption(option4);
        org.apache.commons.cli.PosixParser posixParser8 = new org.apache.commons.cli.PosixParser();
        org.apache.commons.cli.Options options9 = new org.apache.commons.cli.Options();
        org.apache.commons.cli.Option option11 = org.apache.commons.cli.OptionBuilder.create('4');
        option11.setDescription("""");
        org.apache.commons.cli.Options options14 = options9.addOption(option11);
        org.apache.commons.cli.CommandLine commandLine15 = new org.apache.commons.cli.CommandLine();
        java.lang.String[] strArray17 = commandLine15.getOptionValues(""hi!"");
        java.lang.String[] strArray18 = commandLine15.getArgs();
        java.util.Properties properties19 = null;
        org.apache.commons.cli.CommandLine commandLine20 = posixParser8.parse(options9, strArray18, properties19);
        org.apache.commons.cli.CommandLine commandLine22 = posixParser1.parse(options7, strArray18, false);
        org.apache.commons.cli.Options options23 = new org.apache.commons.cli.Options();
        org.apache.commons.cli.Option option25 = org.apache.commons.cli.OptionBuilder.create(' ');
        org.apache.commons.cli.OptionGroup optionGroup26 = options23.getOptionGroup(option25);
        org.apache.commons.cli.Option option28 = org.apache.commons.cli.OptionBuilder.create('4');
        char char29 = option28.getValueSeparator();
        org.apache.commons.cli.Option option31 = org.apache.commons.cli.OptionBuilder.create('4');
        option31.setDescription("""");
        option28.setType((java.lang.Object) """");
        org.apache.commons.cli.OptionGroup optionGroup35 = options23.getOptionGroup(option28);
        boolean boolean37 = options23.hasOption(""org.apache.commons.cli.MissingOptionException: hi!"");
        org.apache.commons.cli.PosixParser posixParser38 = new org.apache.commons.cli.PosixParser();
        org.apache.commons.cli.Options options39 = new org.apache.commons.cli.Options();
        org.apache.commons.cli.Option option41 = org.apache.commons.cli.OptionBuilder.create('4');
        option41.setDescription("""");
        org.apache.commons.cli.Options options44 = options39.addOption(option41);
        org.apache.commons.cli.CommandLine commandLine45 = new org.apache.commons.cli.CommandLine();
        java.lang.String[] strArray47 = commandLine45.getOptionValues(""hi!"");
        java.lang.String[] strArray48 = commandLine45.getArgs();
        java.util.Properties properties49 = null;
        org.apache.commons.cli.CommandLine commandLine50 = posixParser38.parse(options39, strArray48, properties49);
        java.util.Properties properties51 = null;
        org.apache.commons.cli.CommandLine commandLine53 = posixParser1.parse(options23, strArray48, properties51, true);
        org.apache.commons.cli.Options options54 = new org.apache.commons.cli.Options();
        org.apache.commons.cli.Option option56 = org.apache.commons.cli.OptionBuilder.create('4');
        option56.setDescription("""");
        org.apache.commons.cli.Options options59 = options54.addOption(option56);
        java.util.Collection collection60 = options54.getOptionGroups();
        org.apache.commons.cli.Option option62 = org.apache.commons.cli.OptionBuilder.create('4');
        option62.setDescription("""");
        option62.setLongOpt(""hi!"");
        boolean boolean67 = option62.hasArgName();
        org.apache.commons.cli.Options options68 = options54.addOption(option62);
        org.apache.commons.cli.PosixParser posixParser69 = new org.apache.commons.cli.PosixParser();
        org.apache.commons.cli.Options options70 = new org.apache.commons.cli.Options();
        org.apache.commons.cli.Option option72 = org.apache.commons.cli.OptionBuilder.create('4');
        option72.setDescription("""");
        org.apache.commons.cli.Options options75 = options70.addOption(option72);
        org.apache.commons.cli.CommandLine commandLine76 = new org.apache.commons.cli.CommandLine();
        java.lang.String[] strArray78 = commandLine76.getOptionValues(""hi!"");
        java.lang.String str81 = commandLine76.getOptionValue(""hi!"", ""[ Options: [ short {=[ option:   :: arg ], 4=[ option: 4  ::  ]} ] [ long {} ]"");
        java.lang.String str83 = commandLine76.getOptionValue(""arg"");
        java.lang.String[] strArray84 = commandLine76.getArgs();
        java.lang.String[] strArray86 = posixParser69.flatten(options75, strArray84, false);
        org.apache.commons.cli.CommandLine commandLine87 = posixParser1.parse(options54, strArray86);
        java.lang.String[] strArray93 = new java.lang.String[] { ""[ Options: [ short {=[ option:   :: arg ], 4=[ option: 4  ::  ]} ] [ long {} ]"", ""[ option:  +ARG ::  ]"", ""hi!"", ""org.apache.commons.cli.UnrecognizedOptionException: org.apache.commons.cli.MissingOptionException: hi!"", ""[ option:    :: null ]"" };
        java.util.Properties properties94 = null;
        org.apache.commons.cli.CommandLine commandLine96 = posixParser0.parse(options54, strArray93, properties94, false);
        java.util.Collection collection97 = options54.getOptionGroups();
        org.apache.commons.cli.OptionGroup optionGroup98 = null;
        // The following exception was thrown during execution in test generation
        try {
            org.apache.commons.cli.Options options99 = options54.addOptionGroup(optionGroup98);
            org.junit.Assert.fail(""Expected exception of type java.lang.NullPointerException; message: null"");
        } catch (java.lang.NullPointerException e) {
        // Expected exception.
        }
        org.junit.Assert.assertNotNull(option4);
        org.junit.Assert.assertNotNull(options7);
        org.junit.Assert.assertNotNull(option11);
        org.junit.Assert.assertNotNull(options14);
        org.junit.Assert.assertNull(strArray17);
        org.junit.Assert.assertNotNull(strArray18);
        org.junit.Assert.assertNotNull(commandLine20);
        org.junit.Assert.assertNotNull(commandLine22);
        org.junit.Assert.assertNotNull(option25);
        org.junit.Assert.assertNull(optionGroup26);
        org.junit.Assert.assertNotNull(option28);
        org.junit.Assert.assertTrue(""'"" + char29 + ""' != '"" + '\000' + ""'"", char29 == '\000');
        org.junit.Assert.assertNotNull(option31);
        org.junit.Assert.assertNull(optionGroup35);
        org.junit.Assert.assertTrue(""'"" + boolean37 + ""' != '"" + false + ""'"", boolean37 == false);
        org.junit.Assert.assertNotNull(option41);
        org.junit.Assert.assertNotNull(options44);
        org.junit.Assert.assertNull(strArray47);
        org.junit.Assert.assertNotNull(strArray48);
        org.junit.Assert.assertNotNull(commandLine50);
        org.junit.Assert.assertNotNull(commandLine53);
        org.junit.Assert.assertNotNull(option56);
        org.junit.Assert.assertNotNull(options59);
        org.junit.Assert.assertNotNull(collection60);
        org.junit.Assert.assertNotNull(option62);
        org.junit.Assert.assertTrue(""'"" + boolean67 + ""' != '"" + true + ""'"", boolean67 == true);
        org.junit.Assert.assertNotNull(options68);
        org.junit.Assert.assertNotNull(option72);
        org.junit.Assert.assertNotNull(options75);
        org.junit.Assert.assertNull(strArray78);
        org.junit.Assert.assertEquals(""'"" + str81 + ""' != '"" + ""[ Options: [ short {=[ option:   :: arg ], 4=[ option: 4  ::  ]} ] [ long {} ]"" + ""'"", str81, ""[ Options: [ short {=[ option:   :: arg ], 4=[ option: 4  ::  ]} ] [ long {} ]"");
        org.junit.Assert.assertNull(str83);
        org.junit.Assert.assertNotNull(strArray84);
        org.junit.Assert.assertNotNull(strArray86);
        org.junit.Assert.assertNotNull(commandLine87);
        org.junit.Assert.assertNotNull(strArray93);
        org.junit.Assert.assertNotNull(commandLine96);
        org.junit.Assert.assertNotNull(collection97);"
5,274,8135,"if (debug)
            System.out.format(""%n%s%n"", ""RegressionTest0.test0275"");
        org.apache.commons.cli.Options options0 = new org.apache.commons.cli.Options();
        org.apache.commons.cli.Option option2 = org.apache.commons.cli.OptionBuilder.create(' ');
        org.apache.commons.cli.OptionGroup optionGroup3 = options0.getOptionGroup(option2);
        org.apache.commons.cli.Option option5 = org.apache.commons.cli.OptionBuilder.create('4');
        char char6 = option5.getValueSeparator();
        org.apache.commons.cli.Option option8 = org.apache.commons.cli.OptionBuilder.create('4');
        option8.setDescription("""");
        option5.setType((java.lang.Object) """");
        org.apache.commons.cli.OptionGroup optionGroup12 = options0.getOptionGroup(option5);
        int int13 = option5.getId();
        org.apache.commons.cli.PosixParser posixParser14 = new org.apache.commons.cli.PosixParser();
        org.apache.commons.cli.Options options15 = new org.apache.commons.cli.Options();
        org.apache.commons.cli.Option option17 = org.apache.commons.cli.OptionBuilder.create('4');
        option17.setDescription("""");
        org.apache.commons.cli.Options options20 = options15.addOption(option17);
        org.apache.commons.cli.PosixParser posixParser21 = new org.apache.commons.cli.PosixParser();
        org.apache.commons.cli.Options options22 = new org.apache.commons.cli.Options();
        org.apache.commons.cli.Option option24 = org.apache.commons.cli.OptionBuilder.create('4');
        option24.setDescription("""");
        org.apache.commons.cli.Options options27 = options22.addOption(option24);
        org.apache.commons.cli.CommandLine commandLine28 = new org.apache.commons.cli.CommandLine();
        java.lang.String[] strArray30 = commandLine28.getOptionValues(""hi!"");
        java.lang.String[] strArray31 = commandLine28.getArgs();
        java.util.Properties properties32 = null;
        org.apache.commons.cli.CommandLine commandLine33 = posixParser21.parse(options22, strArray31, properties32);
        org.apache.commons.cli.CommandLine commandLine35 = posixParser14.parse(options20, strArray31, false);
        org.apache.commons.cli.Options options36 = new org.apache.commons.cli.Options();
        org.apache.commons.cli.Option option38 = org.apache.commons.cli.OptionBuilder.create(' ');
        org.apache.commons.cli.OptionGroup optionGroup39 = options36.getOptionGroup(option38);
        org.apache.commons.cli.Option option41 = org.apache.commons.cli.OptionBuilder.create('4');
        char char42 = option41.getValueSeparator();
        org.apache.commons.cli.Option option44 = org.apache.commons.cli.OptionBuilder.create('4');
        option44.setDescription("""");
        option41.setType((java.lang.Object) """");
        org.apache.commons.cli.OptionGroup optionGroup48 = options36.getOptionGroup(option41);
        boolean boolean50 = options36.hasOption(""org.apache.commons.cli.MissingOptionException: hi!"");
        org.apache.commons.cli.PosixParser posixParser51 = new org.apache.commons.cli.PosixParser();
        org.apache.commons.cli.Options options52 = new org.apache.commons.cli.Options();
        org.apache.commons.cli.Option option54 = org.apache.commons.cli.OptionBuilder.create('4');
        option54.setDescription("""");
        org.apache.commons.cli.Options options57 = options52.addOption(option54);
        org.apache.commons.cli.CommandLine commandLine58 = new org.apache.commons.cli.CommandLine();
        java.lang.String[] strArray60 = commandLine58.getOptionValues(""hi!"");
        java.lang.String[] strArray61 = commandLine58.getArgs();
        java.util.Properties properties62 = null;
        org.apache.commons.cli.CommandLine commandLine63 = posixParser51.parse(options52, strArray61, properties62);
        java.util.Properties properties64 = null;
        org.apache.commons.cli.CommandLine commandLine66 = posixParser14.parse(options36, strArray61, properties64, true);
        org.apache.commons.cli.Options options67 = new org.apache.commons.cli.Options();
        org.apache.commons.cli.Option option69 = org.apache.commons.cli.OptionBuilder.create('4');
        option69.setDescription("""");
        org.apache.commons.cli.Options options72 = options67.addOption(option69);
        java.util.Collection collection73 = options67.getOptions();
        java.lang.String[] strArray74 = null;
        org.apache.commons.cli.CommandLine commandLine76 = posixParser14.parse(options67, strArray74, true);
        org.apache.commons.cli.PosixParser posixParser77 = new org.apache.commons.cli.PosixParser();
        org.apache.commons.cli.Options options78 = new org.apache.commons.cli.Options();
        org.apache.commons.cli.Option option80 = org.apache.commons.cli.OptionBuilder.create('4');
        option80.setDescription("""");
        org.apache.commons.cli.Options options83 = options78.addOption(option80);
        org.apache.commons.cli.CommandLine commandLine84 = new org.apache.commons.cli.CommandLine();
        java.lang.String[] strArray86 = commandLine84.getOptionValues(""hi!"");
        java.lang.String[] strArray87 = commandLine84.getArgs();
        java.util.Properties properties88 = null;
        org.apache.commons.cli.CommandLine commandLine89 = posixParser77.parse(options78, strArray87, properties88);
        java.lang.String[] strArray92 = new java.lang.String[] { ""[ Options: [ short {=[ option:   :: arg ], 4=[ option: 4  ::  ]} ] [ long {} ]"", ""hi!"" };
        java.util.Properties properties93 = null;
        org.apache.commons.cli.CommandLine commandLine95 = posixParser14.parse(options78, strArray92, properties93, true);
        boolean boolean96 = option5.equals((java.lang.Object) strArray92);
        boolean boolean97 = option5.hasArg();
        org.junit.Assert.assertNotNull(option2);
        org.junit.Assert.assertNull(optionGroup3);
        org.junit.Assert.assertNotNull(option5);
        org.junit.Assert.assertTrue(""'"" + char6 + ""' != '"" + '\000' + ""'"", char6 == '\000');
        org.junit.Assert.assertNotNull(option8);
        org.junit.Assert.assertNull(optionGroup12);
        org.junit.Assert.assertTrue(""'"" + int13 + ""' != '"" + 52 + ""'"", int13 == 52);
        org.junit.Assert.assertNotNull(option17);
        org.junit.Assert.assertNotNull(options20);
        org.junit.Assert.assertNotNull(option24);
        org.junit.Assert.assertNotNull(options27);
        org.junit.Assert.assertNull(strArray30);
        org.junit.Assert.assertNotNull(strArray31);
        org.junit.Assert.assertNotNull(commandLine33);
        org.junit.Assert.assertNotNull(commandLine35);
        org.junit.Assert.assertNotNull(option38);
        org.junit.Assert.assertNull(optionGroup39);
        org.junit.Assert.assertNotNull(option41);
        org.junit.Assert.assertTrue(""'"" + char42 + ""' != '"" + '\000' + ""'"", char42 == '\000');
        org.junit.Assert.assertNotNull(option44);
        org.junit.Assert.assertNull(optionGroup48);
        org.junit.Assert.assertTrue(""'"" + boolean50 + ""' != '"" + false + ""'"", boolean50 == false);
        org.junit.Assert.assertNotNull(option54);
        org.junit.Assert.assertNotNull(options57);
        org.junit.Assert.assertNull(strArray60);
        org.junit.Assert.assertNotNull(strArray61);
        org.junit.Assert.assertNotNull(commandLine63);
        org.junit.Assert.assertNotNull(commandLine66);
        org.junit.Assert.assertNotNull(option69);
        org.junit.Assert.assertNotNull(options72);
        org.junit.Assert.assertNotNull(collection73);
        org.junit.Assert.assertNotNull(commandLine76);
        org.junit.Assert.assertNotNull(option80);
        org.junit.Assert.assertNotNull(options83);
        org.junit.Assert.assertNull(strArray86);
        org.junit.Assert.assertNotNull(strArray87);
        org.junit.Assert.assertNotNull(commandLine89);
        org.junit.Assert.assertNotNull(strArray92);
        org.junit.Assert.assertNotNull(commandLine95);
        org.junit.Assert.assertTrue(""'"" + boolean96 + ""' != '"" + false + ""'"", boolean96 == false);
        org.junit.Assert.assertTrue(""'"" + boolean97 + ""' != '"" + false + ""'"", boolean97 == false);"
6,121,8484,"if (debug)
            System.out.format(""%n%s%n"", ""RegressionTest0.test0122"");
        org.apache.commons.cli.PosixParser posixParser0 = new org.apache.commons.cli.PosixParser();
        org.apache.commons.cli.Options options1 = new org.apache.commons.cli.Options();
        org.apache.commons.cli.Option option3 = org.apache.commons.cli.OptionBuilder.create(' ');
        org.apache.commons.cli.OptionGroup optionGroup4 = options1.getOptionGroup(option3);
        org.apache.commons.cli.Option option6 = org.apache.commons.cli.OptionBuilder.create('4');
        char char7 = option6.getValueSeparator();
        org.apache.commons.cli.Option option9 = org.apache.commons.cli.OptionBuilder.create('4');
        option9.setDescription("""");
        option6.setType((java.lang.Object) """");
        org.apache.commons.cli.OptionGroup optionGroup13 = options1.getOptionGroup(option6);
        boolean boolean15 = options1.hasOption(""org.apache.commons.cli.MissingOptionException: hi!"");
        org.apache.commons.cli.PosixParser posixParser16 = new org.apache.commons.cli.PosixParser();
        org.apache.commons.cli.Options options17 = new org.apache.commons.cli.Options();
        org.apache.commons.cli.Option option19 = org.apache.commons.cli.OptionBuilder.create('4');
        option19.setDescription("""");
        org.apache.commons.cli.Options options22 = options17.addOption(option19);
        org.apache.commons.cli.CommandLine commandLine23 = new org.apache.commons.cli.CommandLine();
        java.lang.String[] strArray25 = commandLine23.getOptionValues(""hi!"");
        java.lang.String str28 = commandLine23.getOptionValue(""hi!"", ""[ Options: [ short {=[ option:   :: arg ], 4=[ option: 4  ::  ]} ] [ long {} ]"");
        java.lang.String str30 = commandLine23.getOptionValue(""arg"");
        java.lang.String[] strArray31 = commandLine23.getArgs();
        java.lang.String[] strArray33 = posixParser16.flatten(options22, strArray31, false);
        java.util.Properties properties34 = null;
        org.apache.commons.cli.CommandLine commandLine35 = posixParser0.parse(options1, strArray33, properties34);
        posixParser0.burstToken(""[ option: 4  :: null ::  ]"", true);
        posixParser0.burstToken(""[ Options: [ short {=[ option:   :: arg ], 4=[ option: 4  :: null ]} ] [ long {} ]"", false);
        org.apache.commons.cli.Options options42 = new org.apache.commons.cli.Options();
        org.apache.commons.cli.Option option44 = org.apache.commons.cli.OptionBuilder.create(' ');
        org.apache.commons.cli.OptionGroup optionGroup45 = options42.getOptionGroup(option44);
        org.apache.commons.cli.Option option47 = org.apache.commons.cli.OptionBuilder.create('4');
        char char48 = option47.getValueSeparator();
        org.apache.commons.cli.Option option50 = org.apache.commons.cli.OptionBuilder.create('4');
        option50.setDescription("""");
        option47.setType((java.lang.Object) """");
        org.apache.commons.cli.OptionGroup optionGroup54 = options42.getOptionGroup(option47);
        boolean boolean56 = options42.hasOption(""org.apache.commons.cli.MissingOptionException: hi!"");
        java.util.List list57 = options42.helpOptions();
        java.util.List list58 = options42.getRequiredOptions();
        org.apache.commons.cli.PosixParser posixParser59 = new org.apache.commons.cli.PosixParser();
        org.apache.commons.cli.Options options60 = new org.apache.commons.cli.Options();
        org.apache.commons.cli.Option option62 = org.apache.commons.cli.OptionBuilder.create(' ');
        org.apache.commons.cli.OptionGroup optionGroup63 = options60.getOptionGroup(option62);
        org.apache.commons.cli.Option option65 = org.apache.commons.cli.OptionBuilder.create('4');
        char char66 = option65.getValueSeparator();
        org.apache.commons.cli.Option option68 = org.apache.commons.cli.OptionBuilder.create('4');
        option68.setDescription("""");
        option65.setType((java.lang.Object) """");
        org.apache.commons.cli.OptionGroup optionGroup72 = options60.getOptionGroup(option65);
        boolean boolean74 = options60.hasOption(""org.apache.commons.cli.MissingOptionException: hi!"");
        org.apache.commons.cli.PosixParser posixParser75 = new org.apache.commons.cli.PosixParser();
        org.apache.commons.cli.Options options76 = new org.apache.commons.cli.Options();
        org.apache.commons.cli.Option option78 = org.apache.commons.cli.OptionBuilder.create('4');
        option78.setDescription("""");
        org.apache.commons.cli.Options options81 = options76.addOption(option78);
        org.apache.commons.cli.CommandLine commandLine82 = new org.apache.commons.cli.CommandLine();
        java.lang.String[] strArray84 = commandLine82.getOptionValues(""hi!"");
        java.lang.String str87 = commandLine82.getOptionValue(""hi!"", ""[ Options: [ short {=[ option:   :: arg ], 4=[ option: 4  ::  ]} ] [ long {} ]"");
        java.lang.String str89 = commandLine82.getOptionValue(""arg"");
        java.lang.String[] strArray90 = commandLine82.getArgs();
        java.lang.String[] strArray92 = posixParser75.flatten(options81, strArray90, false);
        java.util.Properties properties93 = null;
        org.apache.commons.cli.CommandLine commandLine94 = posixParser59.parse(options60, strArray92, properties93);
        java.util.List list95 = commandLine94.getArgList();
        java.lang.String[] strArray96 = commandLine94.getArgs();
        java.lang.String[] strArray97 = commandLine94.getArgs();
        java.util.Properties properties98 = null;
        org.apache.commons.cli.CommandLine commandLine99 = posixParser0.parse(options42, strArray97, properties98);
        org.junit.Assert.assertNotNull(option3);
        org.junit.Assert.assertNull(optionGroup4);
        org.junit.Assert.assertNotNull(option6);
        org.junit.Assert.assertTrue(""'"" + char7 + ""' != '"" + '\000' + ""'"", char7 == '\000');
        org.junit.Assert.assertNotNull(option9);
        org.junit.Assert.assertNull(optionGroup13);
        org.junit.Assert.assertTrue(""'"" + boolean15 + ""' != '"" + false + ""'"", boolean15 == false);
        org.junit.Assert.assertNotNull(option19);
        org.junit.Assert.assertNotNull(options22);
        org.junit.Assert.assertNull(strArray25);
        org.junit.Assert.assertEquals(""'"" + str28 + ""' != '"" + ""[ Options: [ short {=[ option:   :: arg ], 4=[ option: 4  ::  ]} ] [ long {} ]"" + ""'"", str28, ""[ Options: [ short {=[ option:   :: arg ], 4=[ option: 4  ::  ]} ] [ long {} ]"");
        org.junit.Assert.assertNull(str30);
        org.junit.Assert.assertNotNull(strArray31);
        org.junit.Assert.assertNotNull(strArray33);
        org.junit.Assert.assertNotNull(commandLine35);
        org.junit.Assert.assertNotNull(option44);
        org.junit.Assert.assertNull(optionGroup45);
        org.junit.Assert.assertNotNull(option47);
        org.junit.Assert.assertTrue(""'"" + char48 + ""' != '"" + '\000' + ""'"", char48 == '\000');
        org.junit.Assert.assertNotNull(option50);
        org.junit.Assert.assertNull(optionGroup54);
        org.junit.Assert.assertTrue(""'"" + boolean56 + ""' != '"" + false + ""'"", boolean56 == false);
        org.junit.Assert.assertNotNull(list57);
        org.junit.Assert.assertNotNull(list58);
        org.junit.Assert.assertNotNull(option62);
        org.junit.Assert.assertNull(optionGroup63);
        org.junit.Assert.assertNotNull(option65);
        org.junit.Assert.assertTrue(""'"" + char66 + ""' != '"" + '\000' + ""'"", char66 == '\000');
        org.junit.Assert.assertNotNull(option68);
        org.junit.Assert.assertNull(optionGroup72);
        org.junit.Assert.assertTrue(""'"" + boolean74 + ""' != '"" + false + ""'"", boolean74 == false);
        org.junit.Assert.assertNotNull(option78);
        org.junit.Assert.assertNotNull(options81);
        org.junit.Assert.assertNull(strArray84);
        org.junit.Assert.assertEquals(""'"" + str87 + ""' != '"" + ""[ Options: [ short {=[ option:   :: arg ], 4=[ option: 4  ::  ]} ] [ long {} ]"" + ""'"", str87, ""[ Options: [ short {=[ option:   :: arg ], 4=[ option: 4  ::  ]} ] [ long {} ]"");
        org.junit.Assert.assertNull(str89);
        org.junit.Assert.assertNotNull(strArray90);
        org.junit.Assert.assertNotNull(strArray92);
        org.junit.Assert.assertNotNull(commandLine94);
        org.junit.Assert.assertNotNull(list95);
        org.junit.Assert.assertNotNull(strArray96);
        org.junit.Assert.assertNotNull(strArray97);
        org.junit.Assert.assertNotNull(commandLine99);"
7,167,8340,"if (debug)
            System.out.format(""%n%s%n"", ""RegressionTest0.test0168"");
        org.apache.commons.cli.PosixParser posixParser0 = new org.apache.commons.cli.PosixParser();
        org.apache.commons.cli.Options options1 = new org.apache.commons.cli.Options();
        org.apache.commons.cli.Option option3 = org.apache.commons.cli.OptionBuilder.create('4');
        option3.setDescription("""");
        org.apache.commons.cli.Options options6 = options1.addOption(option3);
        java.util.Collection collection7 = options1.getOptionGroups();
        org.apache.commons.cli.Options options11 = options1.addOption("""", false, ""arg"");
        java.util.List list12 = options11.getRequiredOptions();
        org.apache.commons.cli.Option option14 = org.apache.commons.cli.OptionBuilder.create(""arg"");
        org.apache.commons.cli.Options options15 = options11.addOption(option14);
        boolean boolean17 = options11.hasOption(""org.apache.commons.cli.MissingOptionException: hi!"");
        org.apache.commons.cli.PosixParser posixParser18 = new org.apache.commons.cli.PosixParser();
        org.apache.commons.cli.Options options19 = new org.apache.commons.cli.Options();
        org.apache.commons.cli.Option option21 = org.apache.commons.cli.OptionBuilder.create(' ');
        org.apache.commons.cli.OptionGroup optionGroup22 = options19.getOptionGroup(option21);
        org.apache.commons.cli.Option option24 = org.apache.commons.cli.OptionBuilder.create('4');
        char char25 = option24.getValueSeparator();
        org.apache.commons.cli.Option option27 = org.apache.commons.cli.OptionBuilder.create('4');
        option27.setDescription("""");
        option24.setType((java.lang.Object) """");
        org.apache.commons.cli.OptionGroup optionGroup31 = options19.getOptionGroup(option24);
        boolean boolean33 = options19.hasOption(""org.apache.commons.cli.MissingOptionException: hi!"");
        org.apache.commons.cli.PosixParser posixParser34 = new org.apache.commons.cli.PosixParser();
        org.apache.commons.cli.Options options35 = new org.apache.commons.cli.Options();
        org.apache.commons.cli.Option option37 = org.apache.commons.cli.OptionBuilder.create('4');
        option37.setDescription("""");
        org.apache.commons.cli.Options options40 = options35.addOption(option37);
        org.apache.commons.cli.CommandLine commandLine41 = new org.apache.commons.cli.CommandLine();
        java.lang.String[] strArray43 = commandLine41.getOptionValues(""hi!"");
        java.lang.String str46 = commandLine41.getOptionValue(""hi!"", ""[ Options: [ short {=[ option:   :: arg ], 4=[ option: 4  ::  ]} ] [ long {} ]"");
        java.lang.String str48 = commandLine41.getOptionValue(""arg"");
        java.lang.String[] strArray49 = commandLine41.getArgs();
        java.lang.String[] strArray51 = posixParser34.flatten(options40, strArray49, false);
        java.util.Properties properties52 = null;
        org.apache.commons.cli.CommandLine commandLine53 = posixParser18.parse(options19, strArray51, properties52);
        org.apache.commons.cli.Options options54 = new org.apache.commons.cli.Options();
        org.apache.commons.cli.Option option56 = org.apache.commons.cli.OptionBuilder.create('4');
        option56.setDescription("""");
        org.apache.commons.cli.Options options59 = options54.addOption(option56);
        java.util.Collection collection60 = options54.getOptionGroups();
        org.apache.commons.cli.Options options64 = options54.addOption("""", false, ""arg"");
        org.apache.commons.cli.Options options65 = new org.apache.commons.cli.Options();
        org.apache.commons.cli.Option option67 = org.apache.commons.cli.OptionBuilder.create(' ');
        org.apache.commons.cli.OptionGroup optionGroup68 = options65.getOptionGroup(option67);
        org.apache.commons.cli.Option option70 = org.apache.commons.cli.OptionBuilder.create('4');
        char char71 = option70.getValueSeparator();
        org.apache.commons.cli.Option option73 = org.apache.commons.cli.OptionBuilder.create('4');
        option73.setDescription("""");
        option70.setType((java.lang.Object) """");
        org.apache.commons.cli.OptionGroup optionGroup77 = options65.getOptionGroup(option70);
        boolean boolean78 = option70.hasArgName();
        org.apache.commons.cli.Options options79 = options54.addOption(option70);
        java.util.List list80 = options54.helpOptions();
        org.apache.commons.cli.CommandLine commandLine81 = new org.apache.commons.cli.CommandLine();
        java.lang.String[] strArray83 = commandLine81.getOptionValues(""hi!"");
        java.lang.String str86 = commandLine81.getOptionValue(""hi!"", ""[ Options: [ short {=[ option:   :: arg ], 4=[ option: 4  ::  ]} ] [ long {} ]"");
        java.lang.String str88 = commandLine81.getOptionValue(""arg"");
        java.lang.String[] strArray89 = commandLine81.getArgs();
        java.lang.String[] strArray91 = posixParser18.flatten(options54, strArray89, false);
        java.util.Properties properties92 = null;
        org.apache.commons.cli.CommandLine commandLine93 = posixParser0.parse(options11, strArray91, properties92);
        org.apache.commons.cli.OptionGroup optionGroup94 = null;
        // The following exception was thrown during execution in test generation
        try {
            org.apache.commons.cli.Options options95 = options11.addOptionGroup(optionGroup94);
            org.junit.Assert.fail(""Expected exception of type java.lang.NullPointerException; message: null"");
        } catch (java.lang.NullPointerException e) {
        // Expected exception.
        }
        org.junit.Assert.assertNotNull(option3);
        org.junit.Assert.assertNotNull(options6);
        org.junit.Assert.assertNotNull(collection7);
        org.junit.Assert.assertNotNull(options11);
        org.junit.Assert.assertNotNull(list12);
        org.junit.Assert.assertNotNull(option14);
        org.junit.Assert.assertNotNull(options15);
        org.junit.Assert.assertTrue(""'"" + boolean17 + ""' != '"" + false + ""'"", boolean17 == false);
        org.junit.Assert.assertNotNull(option21);
        org.junit.Assert.assertNull(optionGroup22);
        org.junit.Assert.assertNotNull(option24);
        org.junit.Assert.assertTrue(""'"" + char25 + ""' != '"" + '\000' + ""'"", char25 == '\000');
        org.junit.Assert.assertNotNull(option27);
        org.junit.Assert.assertNull(optionGroup31);
        org.junit.Assert.assertTrue(""'"" + boolean33 + ""' != '"" + false + ""'"", boolean33 == false);
        org.junit.Assert.assertNotNull(option37);
        org.junit.Assert.assertNotNull(options40);
        org.junit.Assert.assertNull(strArray43);
        org.junit.Assert.assertEquals(""'"" + str46 + ""' != '"" + ""[ Options: [ short {=[ option:   :: arg ], 4=[ option: 4  ::  ]} ] [ long {} ]"" + ""'"", str46, ""[ Options: [ short {=[ option:   :: arg ], 4=[ option: 4  ::  ]} ] [ long {} ]"");
        org.junit.Assert.assertNull(str48);
        org.junit.Assert.assertNotNull(strArray49);
        org.junit.Assert.assertNotNull(strArray51);
        org.junit.Assert.assertNotNull(commandLine53);
        org.junit.Assert.assertNotNull(option56);
        org.junit.Assert.assertNotNull(options59);
        org.junit.Assert.assertNotNull(collection60);
        org.junit.Assert.assertNotNull(options64);
        org.junit.Assert.assertNotNull(option67);
        org.junit.Assert.assertNull(optionGroup68);
        org.junit.Assert.assertNotNull(option70);
        org.junit.Assert.assertTrue(""'"" + char71 + ""' != '"" + '\000' + ""'"", char71 == '\000');
        org.junit.Assert.assertNotNull(option73);
        org.junit.Assert.assertNull(optionGroup77);
        org.junit.Assert.assertTrue(""'"" + boolean78 + ""' != '"" + true + ""'"", boolean78 == true);
        org.junit.Assert.assertNotNull(options79);
        org.junit.Assert.assertNotNull(list80);
        org.junit.Assert.assertNull(strArray83);
        org.junit.Assert.assertEquals(""'"" + str86 + ""' != '"" + ""[ Options: [ short {=[ option:   :: arg ], 4=[ option: 4  ::  ]} ] [ long {} ]"" + ""'"", str86, ""[ Options: [ short {=[ option:   :: arg ], 4=[ option: 4  ::  ]} ] [ long {} ]"");
        org.junit.Assert.assertNull(str88);
        org.junit.Assert.assertNotNull(strArray89);
        org.junit.Assert.assertNotNull(strArray91);
        org.junit.Assert.assertNotNull(commandLine93);"
8,333,8331,"if (debug)
            System.out.format(""%n%s%n"", ""RegressionTest0.test0334"");
        org.apache.commons.cli.PosixParser posixParser0 = new org.apache.commons.cli.PosixParser();
        org.apache.commons.cli.Options options1 = new org.apache.commons.cli.Options();
        org.apache.commons.cli.Option option3 = org.apache.commons.cli.OptionBuilder.create('4');
        option3.setDescription("""");
        org.apache.commons.cli.Options options6 = options1.addOption(option3);
        java.util.Collection collection7 = options1.getOptions();
        boolean boolean9 = options1.hasOption(""arg"");
        java.lang.String[] strArray12 = new java.lang.String[] { ""[ Options: [ short {=[ option:   :: arg ], 4=[ option: 4  :: null ]} ] [ long {} ]"", ""org.apache.commons.cli.UnrecognizedOptionException: org.apache.commons.cli.MissingOptionException: hi!"" };
        org.apache.commons.cli.CommandLine commandLine13 = posixParser0.parse(options1, strArray12);
        org.apache.commons.cli.Options options14 = null;
        org.apache.commons.cli.PosixParser posixParser15 = new org.apache.commons.cli.PosixParser();
        org.apache.commons.cli.Options options16 = new org.apache.commons.cli.Options();
        org.apache.commons.cli.Option option18 = org.apache.commons.cli.OptionBuilder.create('4');
        option18.setDescription("""");
        org.apache.commons.cli.Options options21 = options16.addOption(option18);
        org.apache.commons.cli.CommandLine commandLine22 = new org.apache.commons.cli.CommandLine();
        java.lang.String[] strArray24 = commandLine22.getOptionValues(""hi!"");
        java.lang.String str27 = commandLine22.getOptionValue(""hi!"", ""[ Options: [ short {=[ option:   :: arg ], 4=[ option: 4  ::  ]} ] [ long {} ]"");
        java.lang.String str29 = commandLine22.getOptionValue(""arg"");
        java.lang.String[] strArray30 = commandLine22.getArgs();
        java.lang.String[] strArray32 = posixParser15.flatten(options21, strArray30, false);
        posixParser15.burstToken(""hi!"", true);
        org.apache.commons.cli.Options options36 = new org.apache.commons.cli.Options();
        org.apache.commons.cli.Option option38 = org.apache.commons.cli.OptionBuilder.create('4');
        option38.setDescription("""");
        org.apache.commons.cli.Options options41 = options36.addOption(option38);
        java.util.Collection collection42 = options36.getOptionGroups();
        org.apache.commons.cli.Options options46 = options36.addOption("""", false, ""arg"");
        java.util.List list47 = options46.getRequiredOptions();
        org.apache.commons.cli.Option option49 = org.apache.commons.cli.OptionBuilder.create(""arg"");
        org.apache.commons.cli.Options options50 = options46.addOption(option49);
        boolean boolean52 = options46.hasOption(""org.apache.commons.cli.MissingOptionException: hi!"");
        java.util.Collection collection53 = options46.getOptionGroups();
        org.apache.commons.cli.CommandLine commandLine54 = new org.apache.commons.cli.CommandLine();
        java.lang.String[] strArray56 = commandLine54.getOptionValues(""hi!"");
        java.lang.String str59 = commandLine54.getOptionValue(""hi!"", ""[ Options: [ short {=[ option:   :: arg ], 4=[ option: 4  ::  ]} ] [ long {} ]"");
        java.lang.String str61 = commandLine54.getOptionValue(""arg"");
        java.lang.String[] strArray62 = commandLine54.getArgs();
        java.util.Properties properties63 = null;
        org.apache.commons.cli.CommandLine commandLine65 = posixParser15.parse(options46, strArray62, properties63, true);
        org.apache.commons.cli.Options options66 = new org.apache.commons.cli.Options();
        org.apache.commons.cli.Option option68 = org.apache.commons.cli.OptionBuilder.create('4');
        option68.setDescription("""");
        org.apache.commons.cli.Options options71 = options66.addOption(option68);
        java.util.Collection collection72 = options66.getOptionGroups();
        java.util.Collection collection73 = options66.getOptionGroups();
        java.util.Collection collection74 = options66.getOptionGroups();
        org.apache.commons.cli.PosixParser posixParser75 = new org.apache.commons.cli.PosixParser();
        org.apache.commons.cli.Options options76 = new org.apache.commons.cli.Options();
        org.apache.commons.cli.Option option78 = org.apache.commons.cli.OptionBuilder.create('4');
        option78.setDescription("""");
        org.apache.commons.cli.Options options81 = options76.addOption(option78);
        org.apache.commons.cli.CommandLine commandLine82 = new org.apache.commons.cli.CommandLine();
        java.lang.String[] strArray84 = commandLine82.getOptionValues(""hi!"");
        java.lang.String str87 = commandLine82.getOptionValue(""hi!"", ""[ Options: [ short {=[ option:   :: arg ], 4=[ option: 4  ::  ]} ] [ long {} ]"");
        java.lang.String str89 = commandLine82.getOptionValue(""arg"");
        java.lang.String[] strArray90 = commandLine82.getArgs();
        java.lang.String[] strArray92 = posixParser75.flatten(options81, strArray90, false);
        java.util.Properties properties93 = null;
        org.apache.commons.cli.CommandLine commandLine94 = posixParser15.parse(options66, strArray92, properties93);
        // The following exception was thrown during execution in test generation
        try {
            org.apache.commons.cli.CommandLine commandLine95 = posixParser0.parse(options14, strArray92);
            org.junit.Assert.fail(""Expected exception of type java.lang.NullPointerException; message: null"");
        } catch (java.lang.NullPointerException e) {
        // Expected exception.
        }
        org.junit.Assert.assertNotNull(option3);
        org.junit.Assert.assertNotNull(options6);
        org.junit.Assert.assertNotNull(collection7);
        org.junit.Assert.assertTrue(""'"" + boolean9 + ""' != '"" + false + ""'"", boolean9